timestamp,vDC,iDC,iA,iB,vA,vB,speed,regen_method,throttle,iqRef,iqFdb,temp_fet,power,error,SOC
0,16468,74,28,23,12,12,9,1,0,0,0,30,0,0,0
300,16468,74,27,22,12,12,9,1,0,0,0,31,0,0,0
301,16468,75,27,23,12,12,9,1,0,0,0,31,0,0,0
302,16468,74,27,22,12,12,9,1,0,0,0,31,0,0,0
303,16468,74,27,22,12,12,9,1,0,0,0,30,0,0,53
304,16468,75,27,22,12,12,9,1,0,0,0,30,0,0,53
305,16468,73,27,22,12,12,9,1,0,0,0,31,0,0,53
307,16468,73,29,22,13,13,9,1,0,0,0,31,0,0,53
308,16468,73,27,22,13,13,9,1,0,0,0,31,0,0,53
309,16468,74,27,22,13,13,9,1,0,0,0,30,0,0,53
310,16468,72,27,23,12,12,9,1,0,0,0,31,0,0,53
311,16468,74,28,23,12,12,9,1,0,0,0,31,0,0,53
312,16468,74,28,23,12,12,9,1,0,0,0,30,0,0,53
313,16468,73,27,22,12,12,9,1,0,0,0,30,0,0,53
314,16468,74,28,23,11,11,9,1,0,0,0,31,0,0,53
316,16468,73,27,23,12,12,9,1,0,0,0,31,0,0,53
317,16468,74,27,23,13,13,9,1,0,0,0,31,0,0,53
318,16468,74,27,21,12,12,9,1,0,0,0,30,0,0,53
319,16468,75,27,23,12,12,9,1,0,0,0,30,0,0,53
320,16468,75,27,23,14,14,9,1,0,0,0,30,0,0,53
322,16468,75,27,22,12,12,9,1,0,0,0,30,0,0,53
323,16468,74,27,23,14,14,9,1,0,0,0,31,0,0,53
324,16468,74,27,22,12,12,9,1,0,0,0,30,0,0,53
325,16468,74,27,21,13,13,9,1,0,0,0,31,0,0,53
326,16468,74,27,22,12,12,9,1,0,0,0,30,0,0,53
327,16468,75,28,22,12,12,9,1,0,0,0,31,0,0,53
328,16468,74,28,21,12,12,9,1,0,0,0,30,0,0,53
329,16468,74,27,21,11,11,9,1,0,0,0,30,0,0,53
331,16468,75,28,21,12,12,9,1,0,0,0,31,0,0,53
332,16467,75,28,21,13,13,9,1,0,0,0,30,0,0,53
334,16468,75,26,21,12,12,9,1,0,0,0,30,0,0,53
335,16468,75,27,20,13,13,9,1,0,0,0,30,0,0,53
336,16468,75,26,21,12,12,9,1,0,0,0,31,0,0,53
337,16467,76,28,21,12,12,9,1,5,0,0,31,0,0,53
338,16466,76,26,22,13,13,9,1,5,0,0,31,0,0,53
339,16466,77,26,21,11,11,9,1,5,0,0,31,0,0,53
340,16466,77,27,21,12,12,9,1,5,0,0,31,0,0,53
341,16466,76,26,21,11,11,9,1,10,0,0,31,0,0,53
342,16466,76,27,22,12,12,9,1,10,0,0,31,0,0,53
343,16466,77,28,22,12,12,9,1,10,0,0,31,0,0,53
345,16466,76,26,20,13,13,9,1,10,0,0,30,0,0,53
346,16466,77,26,21,13,13,9,1,10,0,0,31,0,0,53
347,16466,75,26,22,12,12,9,1,10,0,0,31,0,0,53
348,16466,75,27,22,13,13,9,1,15,0,0,31,0,0,53
350,16466,77,26,21,13,13,9,1,15,0,0,31,0,0,53
351,16466,77,27,22,13,13,9,1,15,0,0,30,0,0,53
352,16466,75,26,22,12,12,9,1,15,0,0,31,0,0,53
353,16466,76,27,22,12,12,9,1,15,0,0,31,0,0,53
354,16466,76,27,22,12,12,9,1,15,0,0,30,0,0,53
355,16466,75,26,21,12,12,9,1,15,0,0,30,0,0,53
357,16466,75,26,22,21,21,9,1,15,0,0,30,0,0,53
358,16466,-87,32,37,1130,1208,9,1,15,0,0,31,0,0,53
359,16466,-160,33,45,1277,1502,9,1,15,0,0,30,0,0,53
360,16466,-182,34,49,1592,1963,9,1,15,0,0,31,0,0,53
361,16466,-148,34,44,1522,1680,0,1,15,0,0,0,0,0,53
362,16466,41,28,23,507,507,9,1,15,0,0,30,0,0,53
364,16466,78,28,21,42,42,9,1,15,0,0,31,0,0,53
365,16466,74,27,26,145,433,9,1,15,0,0,30,0,0,53
367,16466,72,28,22,662,684,9,1,15,0,0,30,0,0,53
368,16466,-145,32,43,1427,1499,9,1,15,0,0,30,0,0,53
369,16467,-225,41,64,2930,3758,11,1,15,0,0,30,0,0,53
370,16467,-219,42,60,3140,3495,32,1,15,0,0,30,0,0,53
371,16466,-215,39,58,2681,3138,47,1,15,0,0,31,0,0,53
373,16463,347,373,647,610,1224,43,1,15,0,0,27,0,0,53
374,16460,404,571,999,559,409,40,1,15,0,0,26,0,0,53
375,16460,409,664,1116,564,397,39,1,15,0,0,26,0,0,53
376,16459,410,612,1072,611,455,38,1,15,0,0,26,0,0,53
377,16460,409,665,1151,588,448,38,1,15,0,0,27,0,0,53
378,16459,409,814,1337,532,362,37,1,20,-1127,-1126,26,7,0,53
380,16457,409,1055,1811,602,455,37,1,25,-1127,-1126,26,7,0,53
381,16456,410,1010,1767,553,401,38,1,25,-1127,-1126,26,7,0,53
382,16456,409,1098,1846,569,405,39,1,25,-1127,-1126,26,7,0,53
383,16454,409,1133,2032,608,452,40,1,30,-1127,-1126,26,7,0,53
384,16453,409,1248,2163,609,459,42,1,30,-1127,-1126,26,7,0,53
385,16452,410,1351,2316,609,462,44,1,35,-1886,-1862,26,16,0,53
387,16447,410,1566,2809,682,551,49,1,40,-1886,-1862,26,16,0,53
388,16445,410,1674,2887,647,499,53,1,40,-1886,-1862,26,16,0,53
389,16444,410,1700,2864,727,598,57,1,40,-1886,-1862,26,16,0,53
390,16443,410,1650,2912,706,599,57,1,40,-1886,-1862,26,16,0,53
391,16441,411,1668,2900,753,635,65,1,40,-2396,-2363,26,32,0,53
393,16439,409,1663,2914,772,671,73,1,40,-2396,-2357,26,36,0,53
395,16433,407,1873,3199,836,739,80,1,45,-2396,-2357,26,36,0,53
396,16432,406,1906,3292,932,845,85,1,45,-2396,-2357,26,36,0,53
397,16430,407,1853,3210,994,918,90,1,45,-2695,-2650,26,53,0,53
399,16428,407,1902,3282,1094,1012,95,1,45,-2695,-2651,26,55,0,53
400,16424,407,1847,3231,1189,1134,104,1,45,-2695,-2651,26,55,0,53
401,16422,406,1885,3241,1232,1184,108,1,45,-2695,-2651,26,55,0,53
402,16421,405,1900,3305,1276,1246,113,1,45,-2695,-2651,26,55,0,53
403,16419,406,1876,3210,1350,1327,117,1,45,-2695,-2651,26,55,0,53
404,16418,406,1884,3267,1470,1450,122,1,45,-2695,-2663,26,71,0,53
406,16413,406,1885,3284,1586,1603,131,1,45,-2695,-2663,26,77,0,53
408,16410,408,1867,3239,1753,1808,140,1,45,-2695,-2663,26,77,0,53
409,16409,408,1874,3234,1889,1936,144,1,45,-2695,-2663,26,77,0,53
410,16407,409,1908,3281,1963,2033,148,1,45,-2695,-2663,26,77,0,53
411,16406,410,1867,3246,2121,2204,153,1,45,-2695,-2663,26,77,0,53
412,16400,409,2063,3558,2227,2329,157,1,50,-2930,-2890,26,103,0,53
414,16390,411,2225,3862,2597,2742,167,1,55,-2930,-2890,26,103,0,53
415,16385,412,2316,4000,2815,2970,173,1,55,-3294,-3236,27,129,0,53
417,16376,414,2438,4199,3006,3225,179,1,60,-3491,-3433,27,139,0,53
418,16360,417,2696,4634,3692,3963,192,1,65,-3491,-3433,27,139,0,53
419,16355,419,2709,4689,4016,4365,200,1,65,-3892,-3827,27,176,0,53
421,16340,426,2921,5044,5032,6670,216,1,70,-3892,-3827,27,176,0,53
422,16341,425,2745,4739,5473,8307,224,1,70,-3892,-3827,27,176,0,53
423,16376,418,1867,3215,5616,9049,231,1,70,-4192,-2604,26,139,0,53
425,16402,415,1211,2093,5910,9065,236,1,75,-4192,-2604,26,139,0,53
426,16407,414,1106,1890,5679,9149,236,1,75,-4192,-2604,26,139,0,53
427,16407,413,1115,1892,5709,8911,236,1,75,-4192,-2604,26,139,0,53
428,16405,412,1190,2047,5914,9113,236,1,80,-4575,-1644,26,88,0,53
430,16405,413,1138,1955,5827,9064,237,1,85,-4575,-1644,26,88,0,53
431,16407,412,1116,1907,5823,9200,237,1,85,-4575,-1644,26,88,0,53
432,16408,412,1073,1823,5683,9024,237,1,85,-4575,-1644,27,88,0,53
433,16405,413,1157,1997,5943,9095,236,1,85,-4575,-1644,26,88,0,53
434,16408,413,1088,1863,5712,9265,237,1,85,-4575,-1644,27,88,0,53
435,16408,413,1088,1863,5712,9265,237,1,85,-5090,-1509,27,81,0,53
436,16406,412,1142,1969,5910,9272,237,1,95,-5090,-1509,26,81,0,53
437,16407,412,1095,1869,5698,9169,237,1,95,-5090,-1509,27,81,0,53
438,16406,413,1139,1961,5919,9129,237,1,95,-5689,-1572,26,84,0,53
440,16407,413,1087,1864,5762,9313,237,1,95,-5689,-1509,26,80,0,53
441,16405,413,1130,1918,5733,9036,237,1,95,-5689,-1554,27,83,0,53
442,16405,413,1119,1896,5733,9248,237,1,100,-5689,-1554,27,83,0,53
443,16406,413,1140,1951,5908,9138,237,1,100,-5689,-1554,26,83,0,53
444,16408,414,1080,1842,5829,9330,237,1,100,-5689,-1554,27,83,0,53
445,16407,413,1093,1853,5704,8995,237,1,100,-5689,-1554,27,83,0,53
446,16405,414,1148,1988,5979,9278,237,1,100,-5689,-1554,26,83,0,53
447,16406,412,1099,1873,5710,9236,237,1,100,-5689,-1554,27,83,0,53
448,16405,414,1146,1977,5894,9138,237,1,100,-5689,-1554,26,83,0,53
449,16408,413,1077,1843,5818,9358,237,1,100,-5689,-1554,26,83,0,53
450,16405,416,1122,1903,5721,9045,237,1,100,-5689,-1554,26,83,0,53
451,16406,414,1116,1918,5980,9243,237,1,95,-5689,-1554,26,83,0,53
452,16408,413,1047,1790,5677,9190,237,1,90,-5689,-1554,27,83,0,53
453,16405,412,1145,1971,5902,9139,237,1,90,-5689,-1554,26,83,0,53
454,16408,412,1061,1813,5786,9277,237,1,90,-5389,-1466,27,78,0,53
456,16405,411,1134,1946,5968,9240,237,1,90,-5389,-1466,26,78,0,53
457,16407,413,1069,1823,5714,9210,236,1,90,-5389,-1470,27,78,0,53
459,16406,413,1104,1884,5821,9254,237,1,90,-5389,-1470,27,78,0,53
460,16404,412,1129,1908,5683,9035,237,1,90,-5389,-1470,27,78,0,53
461,16405,412,1134,1961,5972,9163,237,1,90,-5389,-1470,26,78,0,53
462,16407,413,1041,1785,5682,9207,237,1,90,-5389,-1470,27,78,0,53
463,16403,412,1188,2037,5838,9115,237,1,90,-5389,-1470,26,78,0,53
464,16407,413,1063,1809,5859,9188,237,1,90,-5389,-1470,27,78,0,53
465,16405,413,1112,1900,5674,9081,237,1,90,-5389,-1470,27,78,0,53
466,16404,412,1129,1943,5961,9153,237,1,90,-5389,-1470,27,78,0,53
467,16404,411,1111,1892,5737,9292,237,1,90,-5389,-1555,26,83,0,53
469,16406,410,1098,1882,5895,9269,237,1,90,-5389,-1555,27,83,0,53
470,16405,412,1098,1868,5671,9107,237,1,90,-5389,-1555,27,83,0,53
471,16405,409,1110,1911,5951,9156,237,1,90,-5389,-1540,27,82,0,53
473,16405,410,1095,1864,5740,9288,237,1,90,-5389,-1523,27,81,0,53
474,16405,411,1126,1927,5758,9009,237,1,90,-5389,-1546,26,83,0,53
475,16405,412,1105,1882,5681,9110,237,1,90,-5389,-1546,27,83,0,53
476,16405,410,1119,1926,5915,9123,237,1,90,-5389,-1558,27,83,0,53
478,16403,411,1152,1972,5721,9001,237,1,90,-5389,-1558,26,83,0,53
479,16406,411,1073,1848,5954,9215,237,1,90,-5389,-1558,27,83,0,53
480,16404,412,1109,1901,5664,9140,237,1,90,-5389,-1558,27,83,0,53
481,16404,411,1131,1943,5866,9091,237,1,90,-5389,-1558,26,83,0,53
482,16404,411,1101,1887,5801,9283,237,1,90,-5389,-1558,27,83,0,53
483,16403,411,1152,1965,5712,9065,237,1,90,-5389,-1558,26,83,0,53
484,16406,412,1070,1840,5978,9203,60147,1,90,-5389,-1558,64058,83,79,53
485,16405,410,1081,1844,5682,9204,237,1,90,-5389,-1558,27,83,0,53
486,16405,410,1096,1879,5848,9040,237,1,90,-5389,-1558,26,83,0,53
487,16404,412,1100,1874,5817,9246,237,1,90,-5389,-1558,26,83,0,53
488,16405,412,1118,1906,5673,9025,237,1,90,-5389,-1558,26,83,0,53
489,16405,411,1081,1852,5978,9133,237,1,90,-5389,-1495,27,80,0,53
491,16403,412,1119,1918,5672,9228,237,1,90,-5389,-1548,27,83,0,53
492,16404,411,1087,1840,5866,9203,237,1,90,-5389,-1548,27,83,0,53
493,16403,412,1142,1953,5707,9132,237,1,90,-5389,-1548,26,83,0,53
494,16407,414,1045,1801,5956,9138,237,1,90,-5389,-1548,27,83,0,53
495,16403,415,1100,1880,5678,9210,237,1,90,-5389,-1548,27,83,0,53
496,16403,414,1131,1930,5796,9046,237,1,90,-5389,-1548,26,83,0,53
497,16404,414,1088,1863,5892,9230,237,1,90,-5389,-1548,27,83,0,53
498,16403,415,1134,1931,5684,9083,237,1,90,-5389,-1553,27,83,0,53
500,16403,415,1101,1891,5732,9258,237,1,90,-5389,-1553,27,83,0,53
501,16405,414,1095,1858,5742,9013,237,1,90,-5389,-1502,27,80,0,53
503,16402,415,1158,1989,5697,9163,237,1,90,-5389,-1502,26,80,0,53
504,16405,415,1064,1825,5897,9105,237,1,90,-5389,-1502,27,80,0,53
505,16402,416,1104,1880,5745,9236,237,1,-100,-5389,-1502,27,80,0,53
506,16601,393,4894,8480,4304,5154,232,1,-100,-5389,-1502,29,80,0,53
507,16590,401,4299,7485,3129,3382,210,1,-100,-5389,-1502,29,80,0,53
508,16571,407,4141,7105,2288,2434,184,1,-100,-5389,-1502,28,80,0,53
509,16554,406,4069,7029,1824,1864,160,1,-100,5987,5773,28,-213,0,53
511,16524,405,4091,7039,1070,1021,112,1,-100,5987,5768,29,-147,0,53
513,16493,403,4122,7269,682,587,64,1,-100,5987,5759,29,-81,0,53
515,16460,282,3975,6931,409,293,17,1,-100,5987,5759,29,-81,0,53
516,16460,81,27,19,18,18,9,1,-100,5987,5742,31,0,0,53
518,16460,80,27,19,13,13,9,1,-100,5987,5742,31,0,0,53
519,16460,80,26,19,13,13,9,1,-100,5987,5742,31,0,0,53
520,16461,79,26,19,13,13,9,1,0,5987,5742,31,0,0,53
521,16462,79,26,19,13,13,9,1,0,5987,5742,31,0,0,53
522,16462,79,28,21,12,12,9,1,0,5987,5742,31,0,0,53
524,16462,80,27,21,13,13,9,1,0,5987,5742,31,0,0,53
525,16462,78,26,19,14,14,9,1,0,5987,5742,31,0,0,53
526,16462,79,27,19,12,12,9,1,0,5987,5742,31,0,0,53
527,16462,78,27,20,14,14,9,1,0,5987,5742,31,0,0,53
529,16462,80,26,20,13,13,9,1,0,5987,5742,31,0,0,53
530,16462,79,26,20,13,13,9,1,0,5987,5742,31,0,0,53
532,16462,80,26,20,13,13,9,1,0,5987,5742,31,0,0,53
533,16462,80,26,19,12,12,9,1,0,5987,5742,31,0,0,53
534,16462,79,27,20,13,13,9,1,0,5987,5742,31,0,0,53
536,16462,78,27,21,12,12,9,1,0,5987,5742,31,0,0,53
537,16463,78,27,21,12,12,9,1,0,5987,5742,31,0,0,53
538,16462,80,26,22,11,11,9,1,0,5987,5742,31,0,0,53
539,16462,79,27,21,13,13,9,1,0,5987,5742,31,0,0,53
541,16463,80,27,22,13,13,9,1,0,5987,5742,31,0,0,53
542,16462,79,26,23,12,12,9,1,0,5987,5742,31,0,0,53
543,16463,79,27,22,13,13,9,1,0,5987,5742,31,0,0,53
544,16463,80,27,23,13,13,9,1,0,5987,5742,31,0,0,53
545,16463,79,27,22,13,13,9,1,0,5987,5742,31,0,0,53
547,16461,79,27,23,13,13,9,1,-100,5987,5742,31,0,0,53
548,16461,80,27,21,12,12,9,1,-100,5987,5742,31,0,0,53
549,16461,80,26,21,11,11,9,1,-100,5987,5742,31,0,0,53
550,16461,80,27,22,12,12,9,1,-100,5987,5742,31,0,0,53
552,16461,79,26,23,12,12,9,1,-100,5987,5742,31,0,0,53
553,16461,78,27,22,12,12,9,1,-100,5987,5742,31,0,0,53
554,16461,79,27,22,13,13,9,1,-100,5987,5742,31,0,0,53
555,16461,81,26,22,12,12,9,1,-100,5987,5742,31,0,0,53
556,16461,80,27,22,14,14,9,1,-100,5987,5742,31,0,0,53
557,16461,80,27,22,13,13,9,1,-100,5987,5742,31,0,0,53
559,16461,80,27,22,13,13,9,1,-100,5987,5742,31,0,0,53
560,16461,80,27,23,13,13,9,1,-100,5987,5742,31,0,0,53
561,16461,80,27,23,12,12,9,1,-100,5987,5742,31,0,0,53
563,16462,79,28,23,13,13,9,1,-100,5987,5742,31,0,0,53
564,16461,78,28,22,20,20,9,1,-100,5987,5742,31,0,0,53
565,16462,74,26,20,271,271,9,1,-100,5987,5742,31,0,0,53
566,16462,33,27,32,672,912,9,1,-100,5987,5742,31,0,0,53
567,16462,-153,32,44,1242,1522,9,1,-100,5987,5742,31,0,0,53
568,16462,-193,36,49,2222,2447,9,1,-100,5987,5742,31,0,0,53
569,16462,-220,40,62,2617,3307,9,1,-100,5987,5742,31,0,0,53
570,16463,-227,42,62,3426,3785,29,1,-100,5987,5742,31,0,0,53
572,16467,-123,2073,3629,2678,3160,53,1,-100,5987,5742,30,0,0,53
573,16482,404,4441,7597,508,357,44,1,-100,5987,5742,28,0,0,53
574,16465,331,3819,6867,600,644,21,1,-100,5987,5742,30,0,0,53
575,16462,77,27,20,44,32,9,1,-100,5987,5742,31,0,0,53
576,16462,75,27,21,13,13,9,1,-100,5987,5788,31,0,0,53
578,16462,75,27,22,12,12,9,1,-100,5987,5788,31,0,0,53
579,16462,75,27,22,12,12,9,1,-100,5987,5788,31,0,0,53
580,16462,76,27,23,13,13,9,1,-100,5987,5788,31,0,0,53
581,16463,76,27,23,12,12,9,1,0,5987,5788,31,0,0,53
582,16463,77,27,22,12,12,9,1,5,5987,5788,31,0,0,53
583,16462,78,27,23,14,14,9,1,5,5987,5788,31,0,0,53
584,16462,78,27,24,11,11,9,1,5,5987,5788,31,0,0,53
585,16462,77,27,25,12,12,9,1,5,5987,5788,31,0,0,53
586,16462,77,27,24,12,12,9,1,5,5987,5788,31,0,0,53
588,16463,78,27,24,12,12,9,1,0,5987,5788,31,0,0,53
589,16464,77,27,23,13,13,9,1,0,5987,5788,31,0,0,53
590,16464,76,27,23,13,13,9,1,0,5987,5788,31,0,0,53
591,16464,75,27,23,12,12,9,1,0,5987,5788,31,0,0,53
592,16464,76,27,22,12,12,9,1,0,5987,5788,31,0,0,53
593,16464,76,26,21,12,12,9,1,0,5987,5788,31,0,0,53
594,16463,75,28,23,12,12,9,1,5,5987,5788,31,0,0,53
595,16462,76,27,23,12,12,9,1,10,5987,5788,31,0,0,53
596,16462,75,26,23,12,12,9,1,10,5987,5788,31,0,0,53
597,16462,74,26,24,13,13,9,1,15,5987,5788,31,0,0,53
598,16462,76,27,23,12,12,9,1,15,5987,5788,31,0,0,53
599,16463,76,26,23,13,13,9,1,20,5987,5788,31,0,0,53
600,16462,75,27,22,13,13,9,1,20,5987,5788,31,0,0,53
601,16462,76,26,21,13,13,9,1,25,5987,5788,31,0,0,53
602,16462,76,26,22,13,13,9,1,25,5987,5788,31,0,0,53
603,16462,76,27,23,11,11,9,1,25,5987,5788,31,0,0,53
604,16462,76,27,23,12,12,9,1,25,5987,5788,31,0,0,53
605,16462,76,26,22,13,13,9,1,25,5987,5788,31,0,0,53
606,16462,77,27,23,12,12,9,1,25,5987,5788,31,0,0,53
608,16462,79,28,23,13,13,9,1,25,5987,5788,31,0,0,53
609,16462,77,27,24,13,13,9,1,25,5987,5788,31,0,0,53
610,16462,76,26,25,12,12,9,1,25,5987,5788,31,0,0,53
612,16462,77,27,25,12,12,9,1,25,5987,5788,31,0,0,53
613,16462,79,27,23,12,12,9,1,30,5987,5788,31,0,0,53
615,16462,79,26,23,12,12,9,1,30,5987,5788,31,0,0,53
616,16462,78,26,24,13,13,9,1,35,5987,5788,31,0,0,53
617,16462,78,27,24,12,12,9,1,35,5987,5788,5788,0,0,53
618,16462,77,27,23,13,13,5987,1,35,5987,5788,5788,0,0,53
619,16463,78,27,24,14,14,9,1,35,5987,5788,31,0,0,53
620,16463,78,27,24,12,12,9,1,35,5987,5788,156,0,0,53
621,16462,78,26,23,14,14,9,1,35,5987,5788,31,0,0,53
623,16462,78,27,23,11,11,9,1,35,5987,5788,31,0,0,53
624,16462,78,27,23,12,12,9,1,35,5987,5788,31,0,0,53
625,16463,79,27,22,13,13,9,1,35,5987,5788,31,0,0,53
626,16463,79,27,23,12,12,9,1,35,5987,5788,31,0,0,53
628,16463,77,27,23,13,13,9,1,35,5987,5788,31,0,0,53
630,16463,78,27,25,13,13,9,1,35,5987,5788,31,0,0,53
631,16463,78,27,24,13,13,9,1,35,5987,5788,31,0,0,53
633,16463,77,27,25,12,12,9,1,35,5987,5788,31,0,0,53
634,16463,77,27,25,14,14,9,1,35,5987,5788,31,0,0,53
635,16463,60,28,27,268,437,9,1,35,5987,5788,31,0,0,53
636,16463,-139,33,42,1204,1428,9,1,35,5987,5788,31,0,0,53
638,16463,-229,44,68,3522,4276,10,1,35,5987,5788,31,0,0,53
639,16464,-235,46,71,3802,4574,32,1,40,5987,5788,5788,0,0,53
640,16463,-233,44,70,3684,4420,58,1,45,5987,5788,31,0,0,53
641,16450,229,1224,2140,2161,2492,64,1,45,5987,5788,28,0,0,53
642,16437,404,1922,3303,751,635,65,1,50,5987,5788,27,0,0,53
643,16433,404,1968,3380,802,697,70,1,45,5987,5788,27,0,0,53
644,16433,405,1882,3254,864,752,70,1,45,5987,5788,27,0,0,53
645,16431,406,1901,3306,896,810,80,1,45,5987,5788,27,0,0,53
646,16429,405,1867,3235,919,834,85,1,50,-2704,-2652,27,50,0,53
648,16421,405,2069,3598,1028,966,95,1,50,-2704,-2652,27,50,0,53
649,16418,403,2102,3593,1180,1111,101,1,50,-2704,-2652,27,50,0,53
650,16416,403,2082,3640,1212,1178,107,1,50,-2704,-2652,27,50,0,53
651,16413,404,2088,3562,1306,1258,112,1,50,-2704,-2652,27,50,0,53
652,16411,405,2080,3626,1340,1334,118,1,50,-2994,-2938,27,78,0,53
654,16407,406,2079,3618,1591,1607,129,1,50,-2994,-2940,27,85,0,53
656,16402,406,2064,3585,1766,1827,140,1,50,-2994,-2933,27,92,0,53
658,16398,408,2068,3561,2025,2111,151,1,50,-2994,-2933,27,92,0,53
659,16396,407,2095,3633,2229,2324,156,1,50,-2994,-2955,27,106,0,53
661,16393,407,2096,3597,2405,2504,161,1,50,-2994,-2931,27,107,0,53
662,16389,411,2062,3595,2745,2913,172,1,50,-2994,-2944,27,116,0,53
664,16385,411,2101,3659,3036,3281,182,1,50,-2994,-2944,27,116,0,53
665,16383,412,2093,3604,3249,3501,187,1,50,-2994,-2949,27,125,0,53
667,16378,414,2106,3619,3741,4043,197,1,50,-2994,-2949,27,125,0,53
668,16375,416,2089,3620,3951,4311,202,1,50,-2994,-2949,27,125,0,53
669,16373,417,2085,3623,4168,4695,207,1,50,-2994,-2949,27,125,0,53
670,16371,421,2103,3632,4496,5286,212,1,50,-2994,-2949,27,125,0,53
671,16369,423,2101,3628,4730,6189,217,1,50,-2994,-2948,27,146,0,53
673,16368,422,2056,3551,5340,7997,226,1,50,-2994,-2876,26,148,0,53
675,16379,418,1750,3004,5520,8537,231,1,50,-2994,-2438,26,130,0,53
676,16400,414,1227,2098,5705,8871,235,1,50,-2994,-2438,26,130,0,53
677,16404,414,1090,1873,5567,8807,235,1,50,-2994,-2438,27,130,0,53
678,16403,414,1140,1971,5706,8783,235,1,50,-2994,-2438,27,130,0,53
679,16405,414,1096,1875,5724,8933,236,1,50,-2994,-2438,27,130,0,53
680,16401,415,1172,2018,5598,8902,236,1,50,-2994,-2438,27,130,0,53
681,16406,413,1060,1831,5760,8846,236,1,50,-2994,-2438,27,130,0,53
682,16405,414,1078,1839,5689,8915,236,1,50,-2994,-2438,27,130,0,53
683,16404,415,1117,1921,5583,8822,236,1,50,-2994,-1547,27,83,0,53
685,16401,416,1155,1981,5654,8961,236,1,50,-2994,-1547,27,83,0,53
686,16405,415,1103,1882,5588,8804,236,1,50,-2994,-1519,27,81,0,53
688,16406,414,1040,1801,5810,8827,236,1,50,-2994,-1455,27,78,0,53
689,16403,415,1133,1953,5627,8963,236,1,50,-2994,-1586,26,85,0,53
690,16403,416,1096,1893,5810,8829,236,1,50,-2994,-1586,27,85,0,53
691,16407,416,1050,1802,5571,8869,236,1,50,-2994,-1586,27,85,0,53
692,16405,415,1075,1831,5560,8634,236,1,50,-2994,-1586,27,85,0,53
693,16404,414,1111,1927,5767,8760,235,1,50,-2994,-1552,27,83,0,53
695,16401,415,1173,2010,5577,8753,235,1,50,-2994,-1552,27,83,0,53
696,16404,413,1107,1916,5801,8854,235,1,50,-2994,-1550,27,83,0,53
698,16405,413,1052,1797,5651,8888,236,1,50,-2994,-1471,27,78,0,53
699,16402,413,1144,1960,5588,8761,235,1,50,-2994,-1574,27,84,0,53
700,16405,412,1087,1872,5815,8863,236,1,50,-2994,-1511,27,81,0,53
701,16402,412,1166,1998,5605,8812,235,1,50,-2994,-1511,27,81,0,53
702,16404,413,1064,1843,5789,8836,236,1,50,-2994,-1511,27,81,0,53
703,16404,414,1091,1868,5644,8868,235,1,50,-2994,-1511,27,81,0,53
704,16406,412,1046,1783,5580,8751,235,1,50,-2994,-1511,27,81,0,53
705,16401,414,1142,1975,5751,8793,235,1,50,-2994,-1511,27,81,0,53
706,16404,412,1097,1877,5681,8920,236,1,50,-2994,-1511,27,81,0,53
707,16404,413,1084,1857,5586,8828,236,1,50,-2994,-1511,27,81,0,53
708,16402,413,1144,1985,5768,8844,235,1,50,-2994,-1511,27,81,0,53
709,16402,413,1047,1789,5768,8844,235,1,50,-2994,-1457,27,78,0,53
710,16405,413,1052,1800,5569,8717,235,1,50,-2994,-1457,27,78,0,53
711,16403,413,1106,1912,5758,8792,235,1,50,-2994,-1547,27,83,0,53
713,16403,413,1094,1867,5677,8883,236,1,50,-2994,-1528,27,82,0,53
714,16402,414,1136,1947,5577,8798,235,1,50,-2994,-1562,27,83,0,53
715,16406,412,997,1704,5636,8728,235,1,40,-2610,-1385,27,74,0,53
717,16404,413,1068,1835,5648,8633,235,1,40,-2610,-1385,27,74,0,53
718,16402,414,1115,1911,5677,8687,235,1,40,-2610,-1385,27,74,0,53
719,16403,414,1089,1879,5546,8783,235,1,40,-2396,-1521,27,81,0,53
721,16403,414,1070,1835,5560,8555,235,1,40,-2396,-1495,27,80,0,53
722,16405,414,1035,1785,5516,8776,235,1,40,-2396,-1446,27,77,0,53
724,16401,415,1144,1980,5751,8753,235,1,40,-2396,-1446,27,77,0,53
725,16402,415,1088,1866,5601,8742,235,1,40,-2396,-1446,27,77,0,53
726,16403,414,1095,1883,5543,8694,235,1,40,-2396,-1524,27,81,0,53
728,16403,412,1090,1857,5648,8713,235,1,45,-2695,-1505,27,80,0,53
730,16401,412,1155,1993,5567,8811,235,1,50,-2795,-1609,27,86,0,53
731,16400,413,1168,2004,5745,8911,235,1,55,-2795,-1609,26,86,0,53
732,16404,411,1051,1808,5586,8848,236,1,60,-2795,-1609,27,86,0,53
733,16398,412,1199,2057,5716,8824,235,1,60,-2795,-1609,27,86,0,53
734,16401,413,1144,1964,5783,9030,236,1,65,-2795,-1609,26,86,0,53
735,16402,415,1094,1887,5627,8956,236,1,65,-2795,-1609,27,86,0,53
736,16403,414,1085,1855,5753,8866,236,1,65,-2795,-1609,27,86,0,53
737,16401,413,1130,1933,5764,9067,236,1,70,-2795,-1609,27,86,0,53
738,16401,412,1124,1922,5646,8960,236,1,70,-2795,-1609,27,86,0,53
739,16400,411,1140,1965,5895,9053,236,1,75,-2795,-1609,27,86,0,53
740,16403,411,1069,1823,5691,9166,237,1,75,-2795,-1609,27,86,0,53
741,16401,411,1146,1948,5664,8915,236,1,80,-4655,-1577,27,84,0,53
743,16402,410,1087,1865,5922,9055,237,1,80,-4655,-1577,27,84,0,53
744,16401,411,1125,1926,5820,9060,237,1,80,-4655,-1577,27,84,0,53
745,16404,411,1042,1779,5800,9086,237,1,80,-4655,-1577,27,84,0,53
746,16400,411,1154,1972,5673,9085,236,1,80,-4655,-1577,27,84,0,53
747,16404,411,1038,1793,5902,9002,237,1,80,-4655,-1577,27,84,0,53
748,16400,413,1128,1931,5719,9190,236,1,80,-4655,-1577,27,84,0,53
749,16401,410,1122,1899,5690,8962,236,1,80,-4655,-1577,27,84,0,53
750,16401,410,1098,1883,5943,9102,237,1,80,-4655,-1577,27,84,0,53
751,16401,414,1139,1956,5680,9200,237,1,80,-4655,-1577,27,84,0,53
752,16404,412,1033,1762,5791,8954,237,1,80,-4655,-1577,27,84,0,53
753,16401,413,1118,1901,5800,9064,236,1,80,-4655,-1577,27,84,0,53
754,16400,413,1140,1970,5687,9113,236,1,80,-4655,-1577,27,84,0,53
755,16401,413,1087,1874,5887,9043,237,1,80,-4655,-1577,27,84,0,53
756,16400,411,1148,1963,5749,9238,236,1,80,-4791,-1589,27,85,0,53
758,16589,392,4730,8115,4463,5665,232,1,-100,-4791,-1589,29,85,0,53
759,16588,400,4245,7405,3203,3466,210,1,-100,5987,6032,29,-295,0,53
761,16568,403,4148,7117,2413,2528,186,1,-100,5987,5806,29,-250,0,53
762,16537,406,4061,7054,1403,1396,136,1,-100,5987,5806,29,-250,0,53
763,16523,404,4088,7079,1017,988,113,1,-100,5987,5806,28,-250,0,53
764,16507,404,4087,7022,833,753,89,1,-100,5987,5763,29,-117,0,53
766,16474,403,4252,7732,592,469,41,1,-100,5987,5760,29,-51,0,53
768,16457,76,26,21,53,53,9,1,-100,5987,5705,31,0,0,53
770,16458,75,27,22,17,17,9,1,-100,5987,5705,31,0,0,53
771,16458,75,27,23,13,13,9,1,0,5987,5705,31,0,0,53
772,16459,75,27,22,12,12,9,1,0,5987,5705,31,0,0,53
773,16459,74,27,22,13,13,9,1,0,5987,5705,31,0,0,53
774,16459,74,27,22,13,13,9,1,0,5987,5705,31,0,0,53
776,16459,75,27,23,14,14,9,1,0,5987,5705,31,0,0,53
778,16459,75,26,22,12,12,9,1,0,5987,5705,31,0,0,53
779,16459,76,28,22,12,12,9,1,0,5987,5705,31,0,0,53
780,16460,77,27,22,13,13,9,1,0,5987,5705,31,0,0,53
781,16459,76,27,21,12,12,9,1,0,5987,5705,31,0,0,53
782,16460,75,28,21,14,14,9,1,0,5987,5705,31,0,0,53
783,16459,76,27,21,13,13,9,1,0,5987,5705,31,0,0,53
785,16460,75,27,21,13,13,9,1,0,5987,5705,31,0,0,53
786,16460,77,27,22,14,14,9,1,0,5987,5705,31,0,0,53
788,16459,77,26,21,13,13,9,1,0,5987,5705,31,0,0,53
789,16460,76,26,22,12,12,9,1,0,5987,5705,31,0,0,53
791,16460,76,27,22,13,13,9,1,0,5987,5705,31,0,0,53
792,16460,75,27,22,13,13,9,1,0,5987,5705,31,0,0,53
793,16460,76,26,22,13,13,9,1,0,5987,5705,31,0,0,53
794,16460,76,27,22,13,13,9,1,0,5987,5705,31,0,0,53
795,16460,76,27,22,14,14,9,1,0,5987,5705,31,0,0,53
796,16460,76,27,22,13,13,9,1,0,5987,5705,31,0,0,53
797,16460,75,28,22,12,12,9,1,0,5987,5705,31,0,0,53
798,16460,76,27,23,13,13,9,1,0,5987,5705,31,0,0,53
799,16460,75,27,22,12,12,9,1,0,5987,5705,31,0,0,53
800,16460,75,27,21,13,13,9,1,0,5987,5705,31,0,0,53
802,16460,74,27,22,13,13,9,1,0,5987,5705,31,0,0,53
803,16461,75,28,23,12,12,9,1,0,5987,5705,31,0,0,53
805,16461,75,27,21,13,13,9,1,0,5987,5705,31,0,0,53
807,16460,74,27,21,13,13,9,1,0,5987,5705,31,0,0,53
808,16461,75,27,21,13,13,9,1,0,5987,5705,31,0,0,53
809,16460,74,27,22,13,13,9,1,0,5987,5705,31,0,0,53
810,16460,73,27,21,12,12,9,1,0,5987,5705,31,0,0,53
811,16461,72,26,21,13,13,9,1,0,5987,5705,31,0,0,53
812,16460,73,27,21,13,13,9,1,0,5987,5705,31,0,0,53
813,16461,75,26,22,13,13,9,1,0,5987,5705,31,0,0,53
814,16461,75,27,21,12,12,9,1,0,5987,5705,31,0,0,53
815,16461,75,27,22,13,13,9,1,0,5987,5705,31,0,0,53
816,16461,74,26,22,12,12,9,1,0,5987,5705,31,0,0,53
817,16461,74,26,22,14,14,9,1,0,5987,5705,31,0,0,53
818,16461,74,27,20,12,12,9,1,0,5987,5705,31,0,0,53
819,16461,75,27,20,12,12,9,1,0,5987,5705,31,0,0,53
820,16461,74,27,20,12,12,9,1,0,5987,5705,31,0,0,53
821,16461,74,27,21,12,12,9,1,0,5987,5705,31,0,0,53
822,16461,75,27,22,13,13,9,1,0,5987,5705,31,0,0,53
823,16461,76,27,21,13,13,9,1,0,5987,5705,31,0,0,53
824,16461,77,27,20,12,12,9,1,0,5987,5705,31,0,0,53
826,16461,77,27,21,14,14,9,1,0,5987,5705,31,0,0,53
827,16461,76,27,21,13,13,9,1,0,5987,5705,31,0,0,53
828,16461,77,27,21,13,13,9,1,0,5987,5705,31,0,0,53
829,16461,77,26,20,13,13,9,1,0,5987,5705,31,0,0,53
830,16461,77,27,21,12,12,9,1,0,5987,5705,31,0,0,53
831,16461,76,26,21,13,13,9,1,0,5987,5705,31,0,0,53
832,16461,76,26,21,13,13,9,1,0,5987,5705,31,0,0,53
834,16461,76,27,20,13,13,9,1,0,5987,5705,31,0,0,53
835,16461,75,27,21,13,13,9,1,5,5987,5705,31,0,0,53
837,16460,75,26,22,12,12,9,1,5,5987,5705,31,0,0,53
838,16459,75,26,22,13,13,9,1,10,5987,5705,31,0,0,53
839,16460,76,27,22,12,12,9,1,10,5987,5705,31,0,0,53
840,16460,76,27,24,13,13,9,1,15,5987,5705,31,0,0,53
842,16459,76,27,24,12,12,9,1,15,5987,5705,31,0,0,53
843,16460,77,27,24,12,12,9,1,15,5987,5705,31,0,0,53
844,16459,76,28,24,12,12,9,1,20,5987,5705,31,0,0,53
845,16459,77,26,24,13,13,9,1,20,5987,5705,31,0,0,53
847,16460,77,28,23,13,13,9,1,25,5987,5705,31,0,0,53
849,16460,77,27,23,13,13,9,1,30,5987,5705,31,0,0,53
850,16460,77,26,21,13,13,9,1,30,5987,5705,31,0,0,53
852,16460,77,26,22,13,13,9,1,30,5987,5705,31,0,0,53
853,16460,76,26,21,12,12,9,1,30,5987,5705,31,0,0,53
855,16460,76,26,22,13,13,9,1,30,5987,5705,31,0,0,53
856,16460,76,27,22,14,14,9,1,30,5987,5705,31,0,0,53
857,16460,77,26,21,13,13,9,1,30,5987,5705,31,0,0,53
858,16460,78,27,23,12,12,9,1,30,5987,5705,31,0,0,53
859,16460,76,25,22,13,13,9,1,30,5987,5705,31,0,0,53
861,16460,77,27,22,12,12,9,1,30,5987,5705,31,0,0,53
862,16460,76,26,22,13,13,9,1,30,5987,5705,31,0,0,53
863,16460,75,26,21,11,11,9,1,30,5987,5705,31,0,0,53
864,16460,75,27,21,14,14,9,1,30,5987,5705,31,0,0,53
866,16460,74,26,21,14,14,99,1,30,5987,5705,5705,0,0,53
867,16460,74,26,21,14,14,9,1,30,5987,5705,31,0,0,53
868,16460,75,26,21,12,12,9,1,30,5987,5705,31,0,0,53
869,16460,74,27,22,12,12,9,1,30,5987,5705,31,0,0,53
870,16460,75,27,22,12,12,9,1,30,5987,5705,31,0,0,53
871,16460,75,27,22,14,14,9,1,30,5987,5705,31,0,0,53
872,16460,75,27,22,12,12,9,1,30,5987,5705,31,0,0,53
873,16460,76,26,22,12,12,9,1,30,5987,5705,31,0,0,53
874,16460,74,26,22,11,11,9,1,30,5987,5705,31,0,0,53
875,16460,74,27,21,14,14,9,1,30,5987,5705,31,0,0,53
876,16460,73,26,22,13,13,9,1,30,5987,5705,31,0,0,53
878,16460,75,27,22,13,13,9,1,30,5987,5705,31,0,0,53
879,16460,75,26,22,13,13,9,1,30,5987,5705,31,0,0,53
881,16460,75,27,22,12,12,9,1,30,5987,5705,31,0,0,53
882,16460,76,26,22,12,12,9,1,30,5987,5705,31,0,0,53
884,16460,75,27,22,13,13,9,1,30,5987,5705,31,0,0,53
885,16460,75,28,23,12,12,9,1,30,5987,5705,31,0,0,53
886,16460,75,26,23,13,13,9,1,30,5987,5705,31,0,0,53
887,16460,76,26,24,14,14,9,1,30,5987,5705,31,0,0,53
888,16460,76,27,22,13,13,9,1,30,5987,5705,31,0,0,53
889,16460,76,26,22,13,13,9,1,30,5987,5705,31,0,0,53
890,16460,77,27,23,13,13,9,1,30,5987,5705,31,0,0,53
892,16460,75,26,21,12,12,9,1,30,5987,5705,31,0,0,53
893,16460,75,27,22,12,12,9,1,30,5987,5705,31,0,0,53
894,16460,75,27,23,12,12,9,1,30,5987,5705,31,0,0,53
896,16461,75,27,23,12,12,9,1,30,5987,5705,31,0,0,53
897,16460,74,27,24,12,12,9,1,30,5987,5705,31,0,0,53
899,16460,76,27,23,14,14,99,1,30,5987,5705,5705,0,0,53
900,16460,76,27,22,12,12,9,1,30,5987,5705,31,0,0,53
901,16460,76,27,22,12,12,9,1,30,5987,5705,31,0,0,53
902,16460,75,27,23,13,13,9,1,30,5987,5705,31,0,0,53
903,16460,76,27,24,12,12,9,1,30,5987,5705,31,0,0,53
904,16460,76,27,24,13,13,9,1,30,5987,5705,31,0,0,53
905,16460,75,27,24,13,13,9,1,30,5987,5705,31,0,0,53
907,16461,77,26,24,13,13,9,1,30,5987,5705,31,0,0,53
908,16460,76,27,24,11,11,9,1,30,5987,5705,31,0,0,53
910,16461,76,26,22,14,14,9,1,30,5987,5705,31,0,0,53
911,16460,75,26,22,13,13,9,1,30,5987,5705,31,0,0,53
912,16461,74,27,24,13,13,9,1,30,5987,5705,31,0,0,53
914,16461,72,28,27,38,186,9,1,30,5987,5705,31,0,0,53
915,16461,-76,31,41,1067,1346,9,1,30,5987,5705,31,0,0,53
916,16461,-195,39,51,2335,2639,9,1,30,5987,5705,31,0,0,53
918,16461,-210,39,55,2462,2885,20,1,30,5987,5705,31,0,0,53
919,16461,-207,39,55,2337,2729,36,1,30,5987,5705,31,0,0,53
921,16461,-187,34,52,1567,2177,36,1,30,5987,5705,31,0,0,53
922,16457,122,727,1161,1423,1599,33,1,30,1931,2059,29,4,0,53
924,16451,406,1187,2063,510,341,32,1,30,-1797,-1656,27,10,0,53
925,16449,405,1207,2134,542,392,35,1,30,-1797,-1773,27,11,0,53
927,16448,404,1224,2164,611,457,40,1,30,-1797,-1773,27,11,0,53
928,16453,149,991,1708,1732,1896,27,1,30,-1797,-1773,28,11,0,53
929,16461,-198,38,49,2261,2376,9,1,30,-1797,-1773,31,11,0,53
930,16461,-188,35,52,1704,2305,9,1,30,-1797,-1773,31,11,0,53
931,16461,-177,37,46,1899,2059,9,1,30,-1797,-1773,31,11,0,53
932,16461,-171,34,48,1351,1798,19,1,30,-1797,-1852,31,0,0,53
934,16460,-131,33,42,1140,1294,23,1,30,-1797,-1852,31,0,0,53
936,16461,68,26,20,786,704,16,1,30,-1797,-1852,31,0,0,53
937,16460,74,28,28,236,560,13,1,30,-1797,-1852,31,0,0,53
938,16460,77,26,18,333,333,10,1,30,-1797,-1852,31,0,0,53
939,16460,77,26,20,201,201,9,1,30,-1797,-1852,31,0,0,53
940,16460,79,26,21,31,31,9,1,30,-1797,-1852,31,0,0,53
941,16460,79,28,21,15,15,9,1,30,-1797,-1852,31,0,0,53
942,16460,79,26,22,13,13,251,1,30,-1797,-1852,63684,0,0,53
943,16460,77,27,21,13,13,9,1,30,-1797,-1852,31,0,0,53
944,16461,77,27,22,12,12,9,1,30,-1797,-1852,31,0,0,53
945,16461,78,26,22,12,12,9,1,30,-1797,-1852,31,0,0,53
946,16461,78,27,21,14,14,9,1,35,-1797,-1852,31,0,0,53
947,16460,79,26,21,11,11,9,1,35,-1797,-1852,31,0,0,53
948,16460,80,27,22,12,12,9,1,35,-1797,-1852,31,0,0,53
949,16461,80,27,22,13,13,9,1,35,-1797,-1852,31,0,0,53
951,16460,77,27,22,13,13,9,1,35,-1797,-1852,63684,0,0,53
952,16460,77,27,22,12,12,9,1,35,-1797,-1852,31,0,0,53
953,16461,77,27,22,13,13,9,1,35,-1797,-1852,31,0,0,53
955,16461,78,27,21,13,13,9,1,35,-1797,-1852,31,0,0,53
956,16461,78,26,21,14,14,9,1,35,-1797,-1852,31,0,0,53
958,16461,72,28,27,199,540,9,1,35,-1797,-1852,31,0,0,53
959,16461,76,25,19,483,478,9,1,35,-1797,-1852,31,0,0,53
961,16461,-154,33,42,1404,1732,9,1,35,-1797,-1852,31,0,0,53
963,16462,-235,44,69,3665,4372,14,1,35,-1797,-1852,31,0,0,53
964,16461,-232,45,66,3476,4035,41,1,35,-1797,-1852,31,0,0,53
965,16461,-227,41,64,2908,3814,56,1,35,-1797,-1852,31,0,0,53
966,16451,268,954,1614,1965,1827,56,1,35,-2030,-1542,27,12,0,53
968,16442,408,1452,2560,715,584,58,1,35,-2096,-2051,27,26,0,53
970,16440,410,1482,2561,746,627,64,1,35,-2096,-2051,27,26,0,53
971,16439,409,1450,2536,757,644,67,1,35,-2096,-2071,27,31,0,53
973,16437,408,1441,2521,843,745,74,1,35,-2096,-2071,27,31,0,53
974,16436,409,1476,2542,828,719,77,1,35,-2096,-2071,27,31,0,53
975,16435,408,1483,2520,906,806,80,1,35,-2096,-2071,27,31,0,53
976,16434,408,1435,2494,864,784,83,1,35,-2096,-2062,26,36,0,53
978,16432,408,1471,2548,963,884,88,1,35,-2096,-2062,26,36,0,53
979,16431,407,1468,2564,1019,947,91,1,35,-2096,-2062,27,36,0,53
980,16431,409,1471,2491,1019,947,94,1,35,-2096,-2062,26,36,0,53
981,16430,408,1480,2548,1015,962,97,1,35,-2096,-2074,27,46,0,53
983,16427,405,1451,2544,1106,1065,103,1,35,-2096,-2069,27,46,0,53
985,16427,405,1499,2561,1148,1097,106,1,35,-2096,-2081,27,49,0,53
986,16425,407,1479,2543,1249,1212,112,1,35,-2096,-2081,27,49,0,53
987,16424,407,1447,2498,1297,1264,114,1,35,-2096,-2081,27,49,0,53
988,16423,407,1477,2562,1395,1360,117,1,35,-2096,-2067,27,55,0,53
990,16421,406,1469,2536,1454,1440,63440,1,35,-2096,-2067,63469,55,55,53
991,16420,407,1490,2541,1432,1427,125,1,35,-2096,-2067,27,55,0,53
992,16419,407,1439,2498,1556,1555,128,1,35,-2096,-2062,27,59,0,53
994,16418,407,1473,2542,1629,1643,133,1,35,-2096,-2062,26,59,0,53
995,16417,406,1458,2533,1668,1700,136,1,35,-2096,-2062,26,59,0,53
996,16416,406,1486,2558,1704,1741,139,1,35,-2096,-2070,26,64,0,53
998,16415,408,1483,2544,1864,1903,143,1,35,-2096,-2087,26,68,0,53
1000,16413,409,1476,2552,1958,2027,149,1,35,-2096,-2087,26,68,0,53
1001,16411,409,1465,2511,2060,2119,151,1,35,-2096,-2087,26,68,0,53
1002,16411,408,1486,2564,2110,2182,154,1,35,-2096,-2083,26,74,0,53
1004,16409,410,1456,2503,2209,2319,159,1,35,-2096,-2068,26,74,0,53
1006,16408,411,1483,2531,2313,2436,164,1,35,-2096,-2068,26,74,0,53
1007,16407,411,1475,2561,2529,2636,166,1,35,-2096,-2078,27,79,0,53
1009,16406,409,1472,2542,2644,2780,171,1,35,-2096,-2078,26,79,0,53
1010,16405,409,1467,2559,2644,2824,173,1,35,-2096,-2078,26,79,0,53
1011,16404,410,1470,2500,2675,2865,176,1,35,-2096,-2078,27,79,0,53
1012,16403,409,1489,2566,2810,3005,178,1,35,-2096,-2084,26,83,0,53
1014,16403,412,1470,2541,2896,3103,180,1,35,-2096,-2073,27,84,0,53
1015,16401,411,1484,2573,3138,3357,185,1,35,-2096,-2078,26,88,0,53
1017,16400,412,1482,2545,3183,3451,189,1,30,-2096,-2078,26,88,0,53
1018,16408,414,1203,2081,3371,3625,191,1,20,-2096,-2078,27,88,0,53
1019,16419,412,859,1475,3164,3456,192,1,20,-2096,-2078,27,88,0,53
1020,16419,413,857,1474,3335,3570,192,1,20,-2096,-2078,27,88,0,53
1021,16419,413,856,1463,3117,3415,191,1,15,-2096,-2078,27,88,0,53
1022,16426,412,675,1160,3189,3427,190,1,15,-2096,-2078,27,88,0,53
1023,16427,413,654,1109,3103,3340,189,1,15,-2096,-2078,27,88,0,53
1024,16427,413,640,1104,2978,3234,187,1,15,-899,-896,27,37,0,53
1026,16428,411,651,1110,2917,3129,184,1,15,-899,-913,27,38,0,53
1028,16428,408,662,1138,2786,2985,181,1,15,-899,-913,27,38,0,53
1029,16429,409,655,1119,2751,2945,180,1,15,-899,-913,27,38,0,53
1030,16429,409,640,1102,2729,2913,178,1,15,-899,-913,27,38,0,53
1031,16429,410,655,1121,2687,2844,177,1,15,-899,-922,27,36,0,53
1033,16430,408,657,1108,2483,2656,174,1,15,-899,-922,27,36,0,53
1034,16430,408,643,1104,2575,2711,172,1,15,-899,-922,27,36,0,53
1035,16430,408,656,1128,2398,2558,171,1,15,-899,-922,27,35,0,53
1037,16426,409,806,1386,2508,2635,169,1,20,-899,-922,27,35,0,53
1038,16424,408,847,1444,2355,2510,169,1,25,-1198,-1190,27,44,0,53
1039,16417,408,1063,1825,2374,2544,169,1,30,-1497,-1491,27,56,0,53
1041,16410,408,1268,2172,2438,2619,170,1,30,-1497,-1491,27,56,0,53
1042,16409,408,1315,2290,2645,2798,172,1,35,-1497,-1491,27,56,0,53
1043,16404,407,1468,2535,2707,2862,174,1,30,-1497,-1491,27,56,0,53
1044,16409,408,1240,2138,2648,2843,176,1,30,-1497,-1491,27,56,0,53
1045,16409,408,1286,2204,2712,2904,177,1,30,-1797,-1800,27,72,0,53
1047,16408,410,1254,2156,2859,3061,180,1,30,-1797,-1800,27,72,0,53
1048,16408,410,1274,2192,2896,3103,181,1,30,-1797,-1800,27,72,0,53
1049,16408,410,1274,2192,2896,3103,181,1,30,-1797,-1794,27,74,0,53
1050,16402,410,1432,2492,3083,3304,184,1,35,-2039,-2022,27,85,0,53
1052,16400,411,1484,2536,3141,3369,186,1,35,-2096,-2077,27,88,0,53
1053,16394,413,1616,2794,3414,3660,191,1,40,-2096,-2077,27,88,0,53
1054,16390,412,1691,2907,3343,3671,193,1,40,-2396,-2367,27,106,0,53
1056,16389,412,1663,2898,3650,3968,197,1,40,-2396,-2371,26,106,0,53
1057,16388,413,1689,2910,3779,4090,200,1,40,-2396,-2373,26,108,0,53
1058,16386,413,1682,2924,4036,4439,206,1,40,-2396,-2373,27,108,0,53
1059,16386,414,1690,2899,4036,4439,209,1,40,-2396,-2368,26,112,0,53
1060,16384,415,1687,2937,4523,5114,212,1,40,-2396,-2368,26,112,0,53
1061,16383,416,1684,2902,4436,5454,215,1,40,-2396,-2368,26,112,0,53
1062,16382,418,1658,2858,4822,6028,218,1,40,-2396,-2368,26,112,0,53
1063,16380,419,1702,2957,4933,6513,221,1,40,-2396,-2368,26,112,0,53
1064,16380,418,1679,2907,5037,7108,224,1,40,-2396,-2374,26,122,0,53
1066,16381,419,1630,2805,5510,8226,229,1,40,-2396,-2374,26,122,0,53
1067,16387,417,1424,2462,5512,8637,232,1,40,-2396,-2374,26,122,0,53
1068,16395,417,1257,2163,5515,8594,233,1,40,-2396,-2374,26,122,0,53
1069,16401,416,1100,1897,5641,8619,234,1,40,-2396,-1549,27,83,0,53
1071,16400,415,1104,1910,5547,8760,235,1,40,-2396,-1549,27,83,0,53
1072,16401,413,1089,1862,5560,8588,235,1,40,-2396,-1518,27,81,0,53
1074,16399,412,1125,1932,5569,8885,235,1,40,-2396,-1518,27,81,0,53
1075,16402,413,1038,1776,5526,8546,235,1,40,-2396,-1435,27,77,0,53
1077,16401,411,1091,1893,5723,8676,235,1,40,-2396,-1531,27,82,0,53
1078,16399,412,1127,1944,5519,8637,235,1,40,-2396,-1531,27,82,0,53
1079,16400,414,1112,1913,5630,8636,234,1,40,-2396,-1531,27,82,0,53
1080,16401,416,1064,1841,5684,8652,235,1,40,-2396,-1485,27,79,0,53
1082,16400,413,1100,1870,5534,8559,235,1,40,-2396,-1485,27,79,0,53
1083,16399,414,1132,1956,5772,8734,235,1,40,-2396,-1485,27,79,0,53
1084,16401,414,1082,1859,5568,8815,235,1,40,-2396,-1485,27,79,0,53
1085,16403,414,1023,1749,5531,8567,235,1,40,-2396,-1485,27,79,0,53
1086,16402,414,1070,1848,5637,8542,234,1,40,-2396,-1493,27,80,0,53
1088,16399,413,1138,1946,5661,8749,235,1,40,-2396,-1586,27,85,0,53
1089,16399,413,1138,1964,5543,8738,235,1,40,-2396,-1587,27,85,0,53
1090,16403,412,1024,1763,5710,8678,235,1,40,-2396,-1587,27,85,0,53
1091,16401,414,1079,1863,5514,8730,235,1,40,-2396,-1514,27,81,0,53
1093,16397,413,1164,2021,5791,8780,235,1,45,-2396,-1514,27,81,0,53
1094,16401,413,1071,1832,5594,8844,235,1,45,-2695,-1499,27,80,0,53
1096,16398,412,1138,1969,5753,8783,235,1,45,-2695,-1499,27,80,0,53
1097,16404,412,999,1700,5642,8786,235,1,45,-2695,-1385,27,74,0,53
1099,16398,414,1149,1965,5563,8752,235,1,45,-2695,-1586,27,85,0,53
1100,16400,413,1079,1850,5694,8825,235,1,45,-2695,-1586,27,85,0,53
1101,16400,413,1114,1922,5561,8784,235,1,45,-2695,-1586,27,85,0,53
1102,16402,413,1034,1774,5669,8688,235,1,45,-2695,-1586,27,85,0,53
1103,16398,415,1134,1944,5715,8793,235,1,45,-2695,-1572,27,84,0,53
1105,16400,413,1098,1894,5565,8858,235,1,45,-2695,-1536,27,82,0,53
1106,16401,414,1059,1807,5638,8682,235,1,45,-2695,-1479,27,79,0,53
1107,16399,414,1120,1929,5756,8774,235,1,45,-2695,-1550,27,83,0,53
1108,16402,415,1028,1749,5524,8513,235,1,45,-2695,-1550,27,83,0,53
1109,16398,414,1147,1985,5809,8760,235,1,45,-2695,-1550,27,83,0,53
1110,16401,416,1046,1799,5555,8827,235,1,45,-2695,-1471,27,78,0,53
1112,16397,415,1183,2015,5563,8653,235,1,45,-2695,-1631,27,87,0,53
1113,16401,415,1046,1793,5594,8807,235,1,45,-2695,-1631,27,87,0,53
1114,16400,414,1105,1891,5564,8700,235,1,45,-2695,-1631,27,87,0,53
1115,16402,415,1022,1773,5712,8687,235,1,45,-2695,-1432,27,76,0,53
1117,16399,415,1127,1944,5582,8821,235,1,45,-2695,-1567,27,84,0,53
1119,16399,414,1115,1914,5710,8823,235,1,45,-2695,-1567,27,84,0,53
1120,16400,415,1073,1849,5567,8819,235,1,45,-2695,-1567,27,84,0,53
1121,16399,414,1104,1892,5633,8672,235,1,45,-2695,-1567,27,84,0,53
1122,16399,413,1099,1895,5778,8849,235,1,45,-2695,-1567,27,84,0,53
1123,16401,414,1045,1800,5533,8813,235,1,45,-2695,-1567,27,84,0,53
1124,16398,413,1122,1915,5611,8683,235,1,45,-2695,-1558,27,83,0,53
1126,16398,415,1117,1922,5571,8904,235,1,45,-2695,-1558,27,83,0,53
1127,16399,413,1094,1869,5580,8710,235,1,45,-2695,-1519,27,81,0,53
1129,16402,414,1024,1773,5568,8857,235,1,45,-2695,-1519,27,81,0,53
1130,16399,413,1111,1893,5565,8679,235,1,45,-2695,-1519,27,81,0,53
1131,16399,414,1097,1900,5790,8767,235,1,45,-2695,-1526,27,81,0,53
1133,16398,415,1105,1891,5551,8677,235,1,45,-2695,-1532,27,82,0,53
1135,16401,414,1052,1796,5670,8820,235,1,45,-2695,-1468,27,78,0,53
1137,16396,415,1164,2002,5588,8831,235,1,45,-2695,-1613,27,86,0,53
1138,16399,414,1072,1835,5709,8866,235,1,45,-2695,-1613,27,86,0,53
1139,16399,413,1097,1890,5567,8782,235,1,45,-2695,-1613,27,86,0,53
1140,16399,414,1088,1866,5690,8745,235,1,45,-2695,-1523,27,81,0,53
1142,16398,413,1092,1880,5567,8855,235,1,45,-2695,-1523,27,81,0,53
1143,16399,413,1041,1781,5613,8646,235,1,45,-2695,-1523,27,81,0,53
1144,16399,413,1100,1889,5764,8741,235,1,45,-2695,-1522,27,81,0,53
1146,16398,414,1093,1881,5567,8908,235,1,45,-2695,-1531,27,82,0,53
1147,16398,414,1102,1908,5811,8789,235,1,45,-2695,-1531,27,82,0,53
1148,16400,415,1047,1794,5555,8830,235,1,45,-2695,-1469,27,78,0,53
1150,16397,413,1155,1972,5559,8657,235,1,45,-2695,-1469,27,78,0,53
1151,16399,414,1057,1807,5604,8755,235,1,45,-2695,-1469,27,78,0,53
1152,16397,414,1128,1943,5563,8760,235,1,45,-2695,-1469,27,78,0,53
1153,16398,414,1087,1875,5722,8748,235,1,45,-2695,-1469,27,78,0,53
1154,16399,413,1105,1889,5692,8838,235,1,50,-2695,-1469,27,78,0,53
1155,16402,414,1022,1756,5566,8728,235,1,50,-2695,-1469,27,78,0,53
1156,16395,414,1169,2005,5660,8723,235,1,50,-2695,-1469,27,78,0,53
1157,16397,413,1130,1941,5758,8875,235,1,50,-2695,-1469,27,78,0,53
1158,16398,414,1081,1854,5587,8849,235,1,50,-2994,-1507,27,80,0,53
1160,16400,413,1055,1812,5769,8825,236,1,50,-2994,-1461,27,78,0,53
1162,16397,413,1103,1878,5648,8750,235,1,50,-2994,-1461,27,78,0,53
1163,16398,413,1089,1871,5804,8863,235,1,50,-2994,-1461,27,78,0,53
1164,16399,412,1080,1867,5580,8906,235,1,50,-2994,-1461,27,78,0,53
1165,16398,412,1091,1868,5648,8775,236,1,55,-2994,-1461,27,78,0,53
1166,16395,412,1160,1997,5816,8901,235,1,55,-2994,-1461,27,78,0,53
1167,16399,411,1061,1826,5598,8987,236,1,60,-2994,-1461,27,78,0,53
1168,16396,413,1123,1914,5690,8833,236,1,60,-3593,-1563,27,83,0,53
1170,16399,412,1057,1821,5636,9046,236,1,60,-3593,-1563,27,83,0,53
1171,16396,414,1117,1911,5703,8851,236,1,60,-3593,-1563,27,83,0,53
1172,16398,413,1084,1866,5815,8977,236,1,60,-3593,-1563,27,83,0,53
1173,16397,414,1102,1879,5636,8980,236,1,60,-3593,-1563,27,83,0,53
1174,16398,412,1090,1872,5735,8855,236,1,60,-3593,-1563,27,83,0,53
1175,16399,415,1078,1837,5777,8983,236,1,60,-3593,-1563,27,83,0,53
1176,16395,415,1152,1975,5619,8952,236,1,60,-3593,-1563,27,83,0,53
1177,16399,414,1065,1835,5767,8884,236,1,65,-3593,-1563,27,83,0,53
1178,16398,416,1080,1835,5766,8970,236,1,65,-3593,-1563,27,83,0,53
1179,16396,415,1143,1968,5624,8933,236,1,65,-3892,-1577,27,84,0,53
1181,16397,413,1089,1852,5745,9007,236,1,65,-3892,-1577,27,84,0,53
1182,16395,412,1150,1958,5655,9009,236,1,70,-3892,-1577,27,84,0,53
1183,16396,412,1092,1879,5863,9027,236,1,70,-4192,-1531,27,82,0,53
1185,16398,413,1090,1872,5708,9085,236,1,70,-4192,-1517,27,81,0,53
1186,16395,415,1117,1933,5895,8988,236,1,70,-4192,-1540,27,82,0,53
1188,16397,413,1095,1861,5683,8902,236,1,70,-4192,-1540,27,82,0,53
1189,16396,413,1123,1922,5863,8978,236,1,70,-4192,-1543,27,82,0,53
1191,16398,413,1081,1858,5666,9107,236,1,70,-4192,-1503,27,80,0,53
1192,16397,413,1089,1871,5825,9058,236,1,70,-4192,-1503,27,80,0,53
1193,16398,413,1059,1811,5628,8986,236,1,70,-4192,-1503,27,80,0,53
1194,16394,411,1178,2031,5835,9007,236,1,70,-4192,-1503,27,80,0,53
1195,16399,412,1039,1766,5774,9109,236,1,70,-4192,-1503,27,80,0,53
1196,16396,414,1103,1872,5639,8954,236,1,70,-4192,-1503,27,80,0,53
1197,16396,414,1127,1947,5916,9076,236,1,75,-4198,-1565,27,84,0,53
1199,16394,413,1163,1974,5693,8941,236,1,75,-4491,-1603,27,86,0,53
1201,16398,414,1051,1802,5632,9089,236,1,75,-4491,-1603,27,86,0,53
1202,16397,412,1094,1876,5784,8958,236,1,75,-4491,-1603,27,86,0,53
1203,16399,414,1051,1791,5794,9062,236,1,75,-4491,-1603,27,86,0,53
1204,16395,415,1163,2005,5665,9044,236,1,75,-4491,-1603,27,86,0,53
1205,16399,414,1039,1783,5811,8970,236,1,75,-4491,-1439,27,77,0,53
1207,16395,415,1125,1916,5754,9098,236,1,75,-4491,-1563,27,83,0,53
1208,16397,413,1073,1852,5910,9047,236,1,75,-4491,-1489,27,79,0,53
1210,16395,414,1142,1962,5713,9214,236,1,80,-4677,-1588,27,85,0,53
1211,16397,414,1075,1842,5906,9016,236,1,80,-4677,-1588,27,85,0,53
1212,16395,414,1132,1943,5672,9154,236,1,80,-4791,-1577,27,84,0,53
1214,16397,414,1083,1857,5784,8971,236,1,80,-4791,-1507,27,80,0,53
1215,16399,415,1053,1793,5671,9043,236,1,80,-4791,-1439,27,77,0,53
1217,16395,414,1142,1956,5768,9204,236,1,80,-4791,-1598,27,85,0,53
1219,16396,415,1110,1918,5942,9069,236,1,80,-4791,-1598,27,85,0,53
1220,16397,413,1084,1858,5681,9211,236,1,80,-4791,-1508,27,80,0,53
1222,16397,413,1079,1844,5732,8932,237,1,80,-4791,-1492,27,80,0,53
1223,16397,413,1069,1824,5682,9113,237,1,85,-4791,-1492,27,80,0,53
1224,16394,414,1127,1948,5864,9084,237,1,85,-4791,-1492,27,80,0,53
1225,16398,413,1059,1804,5784,9215,237,1,85,-4791,-1492,27,80,0,53
1226,16396,414,1086,1850,5659,8955,237,1,85,-4791,-1492,27,80,0,53
1227,16396,415,1120,1933,5964,9096,236,1,85,-4791,-1492,27,80,0,53
1228,16397,415,1070,1835,5671,9193,237,1,85,-5090,-1488,27,79,0,53
1230,16396,415,1090,1868,5861,9165,237,1,85,-5090,-1502,27,80,0,53
1232,16395,416,1101,1885,5684,9127,237,1,85,-5090,-1522,27,81,0,53
1233,16395,415,1121,1924,5865,9083,236,1,85,-5090,-1555,27,83,0,53
1234,16394,413,1153,1963,5697,9021,236,1,90,-5090,-1555,27,83,0,53
1235,16396,411,1097,1903,5973,9172,236,1,90,-5389,-1519,27,81,0,53
1237,16393,412,1186,2021,5803,9071,236,1,90,-5389,-1519,27,81,0,53
1238,16398,413,1043,1790,5877,9163,237,1,90,-5389,-1432,27,76,0,53
1240,16396,412,1098,1892,5894,9121,237,1,90,-5389,-1432,27,76,0,53
1241,16396,412,1098,1892,5894,9121,237,1,90,-5389,-1432,27,76,0,53
1242,16396,411,1106,1887,5686,9008,237,1,90,-5389,-1432,27,76,0,53
1243,16397,411,1083,1861,5956,9123,237,1,95,-5515,-1487,27,79,0,53
1245,16394,411,1141,1962,5707,9250,237,1,95,-5689,-1587,27,85,0,53
1246,16396,413,1075,1831,5843,9188,237,1,95,-5689,-1587,27,85,0,53
1247,16395,412,1127,1916,5701,9144,237,1,95,-5689,-1547,27,83,0,53
1249,16395,411,1109,1889,5728,9270,237,1,95,-5689,-1547,27,83,0,53
1250,16396,412,1090,1855,5767,9053,237,1,95,-5689,-1498,27,80,0,53
1252,16395,412,1140,1957,5711,9187,237,1,95,-5689,-1498,27,80,0,53
1253,16396,411,1099,1881,5894,9120,237,1,95,-5689,-1498,27,80,0,53
1254,16394,412,1132,1935,5825,9273,237,1,95,-5689,-1564,27,84,0,53
1256,16397,411,1073,1818,5709,9049,237,1,95,-5689,-1464,27,78,0,53
1257,16396,411,1084,1865,5679,9211,237,1,90,-5689,-1464,27,78,0,53
1258,16396,412,1073,1832,5781,8986,237,1,90,-5389,-1476,27,79,0,53
1260,16393,414,1148,1959,5858,9161,236,1,90,-5389,-1579,27,84,0,53
1261,16395,413,1125,1920,5715,9146,236,1,90,-5389,-1548,27,83,0,53
1262,16394,414,1103,1895,5888,9127,237,1,90,-5389,-1534,27,82,0,53
1263,16396,412,1094,1863,5797,9269,237,1,90,-5389,-1515,27,81,0,53
1264,16394,413,1126,1933,5962,9113,236,1,90,-5389,-1548,27,83,0,53
1266,16395,412,1102,1887,5718,9263,237,1,90,-5389,-1525,27,81,0,53
1267,16393,414,1171,2003,5897,9272,236,1,90,-5389,-1624,26,87,0,53
1269,16397,414,1043,1781,5702,9107,237,1,90,-5389,-1435,27,76,0,53
1270,16395,412,1099,1903,5891,9073,236,1,90,-5389,-1525,27,81,0,53
1271,16396,412,1098,1857,5757,9272,236,1,90,-5389,-1509,27,80,0,53
1272,16395,413,1106,1898,5968,9166,236,1,90,-5389,-1524,27,81,0,53
1274,16395,413,1103,1890,5728,9300,237,1,90,-5389,-1535,27,82,0,53
1275,16396,413,1089,1855,5858,9203,237,1,90,-5389,-1535,27,82,0,53
1276,16394,414,1110,1888,5696,9150,237,1,90,-5389,-1535,27,82,0,53
1277,16395,413,1090,1878,5934,9134,237,1,90,-5389,-1509,27,81,0,53
1279,16396,413,1068,1825,5739,9275,237,1,90,-5389,-1487,27,79,0,53
1280,16395,414,1107,1899,5959,9200,236,1,90,-5389,-1487,27,79,0,53
1281,16395,414,1072,1835,5703,9213,237,1,90,-5389,-1487,27,79,0,53
1282,16395,414,1106,1891,5823,9066,237,1,90,-5389,-1487,27,79,0,53
1283,16426,411,2295,3865,5719,8722,237,1,-100,-5389,-1487,27,79,0,53
1284,16615,394,5004,8688,3773,4161,227,1,-100,-5389,-1487,29,79,0,53
1285,16575,404,4244,7319,2983,3180,202,1,-100,5987,5961,29,-281,0,53
1287,16557,408,4124,7162,2120,2252,177,1,-100,5987,5796,28,-238,0,53
1288,16526,408,4147,7136,1285,1265,129,1,-100,5987,5796,29,-238,0,53
1289,16511,406,4039,6953,941,890,105,1,-100,5987,5796,29,-238,0,53
1290,16496,405,4081,7174,738,663,81,1,-100,5987,5796,29,-238,0,53
1291,16479,404,4148,7224,605,486,57,1,-100,5987,5796,29,-238,0,53
1292,16462,405,4317,7923,528,371,34,1,-100,5987,5796,29,-238,0,53
1293,16450,185,2674,3473,352,289,12,1,-100,5987,5750,30,-7,0,53
1295,16451,82,27,19,16,16,9,1,-100,5987,5754,31,0,0,53
1297,16451,83,27,20,13,13,9,1,-100,5987,5754,31,0,0,53
1298,16452,84,27,20,13,13,9,1,0,5987,5754,31,0,0,53
1300,16453,83,28,20,14,14,9,1,0,5987,5754,31,0,0,53
1301,16452,82,27,19,14,14,9,1,0,5987,5754,31,0,0,53
1302,16452,82,27,19,13,13,9,1,0,5987,5754,31,0,0,53
1303,16453,83,27,20,13,13,9,1,0,5987,5754,31,0,0,53
1304,16453,83,28,20,14,14,9,1,0,5987,5754,31,0,0,53
1305,16453,83,26,20,14,14,9,1,0,5987,5754,31,0,0,53
1306,16452,85,27,21,13,13,9,1,0,5987,5754,31,0,0,53
1308,16453,84,27,20,13,13,9,1,0,5987,5754,31,0,0,53
1309,16453,83,27,21,14,14,9,1,0,5987,5754,31,0,0,53
1310,16453,83,27,21,14,14,9,1,0,5987,5754,31,0,0,53
1311,16453,84,27,22,13,13,9,1,0,5987,5754,31,0,0,53
1312,16453,84,27,21,15,15,9,1,0,5987,5754,31,0,0,53
1313,16453,84,27,22,13,13,9,1,0,5987,5754,31,0,0,53
1314,16453,84,28,22,14,14,9,1,0,5987,5754,31,0,0,53
1315,16454,84,28,22,14,14,9,1,0,5987,5754,31,0,0,53
1316,16454,83,27,21,14,14,9,1,0,5987,5754,31,0,0,53
1317,16453,82,27,20,14,14,9,1,0,5987,5754,31,0,0,53
1318,16453,82,26,20,13,13,9,1,0,5987,5754,31,0,0,53
1319,16454,83,27,20,15,15,9,1,0,5987,5754,31,0,0,53
1320,16454,82,28,21,14,14,9,1,0,5987,5754,31,0,0,53
1321,16454,82,27,20,13,13,9,1,0,5987,5754,31,0,0,53
1322,16454,82,27,21,13,13,9,1,0,5987,5754,31,0,0,53
1323,16454,83,27,21,13,13,9,1,0,5987,5754,31,0,0,53
1324,16454,84,27,21,14,14,9,1,0,5987,5754,31,0,0,53
1325,16454,83,28,22,13,13,9,1,0,5987,5754,31,0,0,53
1326,16453,84,27,22,14,14,9,1,0,5987,5754,31,0,0,53
1328,16454,83,27,22,13,13,9,1,0,5987,5754,31,0,0,53
1329,16454,83,28,21,14,14,9,1,0,5987,5754,31,0,0,53
1330,16454,83,28,22,13,13,9,1,0,5987,5754,31,0,0,53
1331,16454,83,27,23,12,12,9,1,0,5987,5754,31,0,0,53
1332,16454,82,27,22,13,13,9,1,0,5987,5754,31,0,0,53
1333,16454,82,27,21,13,13,9,1,0,5987,5754,31,0,0,53
1334,16454,83,27,22,13,13,9,1,0,5987,5754,31,0,0,53
1335,16454,83,27,22,13,13,9,1,0,5987,5754,31,0,0,53
1336,16454,82,27,22,13,13,9,1,0,5987,5754,31,0,0,53
1337,16455,82,27,21,14,14,9,1,0,5987,5754,31,0,0,53
1338,16454,81,27,21,13,13,9,1,0,5987,5754,31,0,0,53
1339,16454,83,26,22,12,12,9,1,0,5987,5754,31,0,0,53
1340,16454,82,27,23,13,13,9,1,0,5987,5754,31,0,0,53
1341,16454,82,27,23,13,13,9,1,0,5987,5754,31,0,0,53
1343,16455,83,27,22,13,13,9,1,0,5987,5754,31,0,0,53
1344,16455,82,28,25,13,13,9,1,0,5987,5754,31,0,0,53
1345,16455,82,28,24,13,13,9,1,0,5987,5754,31,0,0,53
1347,16455,81,26,23,12,12,9,1,0,5987,5754,31,0,0,53
1348,16455,81,26,21,13,13,9,1,0,5987,5754,31,0,0,53
1349,16455,81,27,21,14,14,9,1,0,5987,5754,31,0,0,53
1351,16455,81,27,23,13,13,9,1,0,5987,5754,31,0,0,53
1352,16455,81,28,23,13,13,9,1,0,5987,5754,31,0,0,53
1353,16455,81,27,22,13,13,9,1,0,5987,5754,31,0,0,53
1354,16455,80,27,21,14,14,9,1,0,5987,5754,31,0,0,53
1355,16455,80,26,22,12,12,9,1,0,5987,5754,31,0,0,53
1356,16455,80,26,22,12,12,9,1,0,5987,5754,31,0,0,53
1357,16455,79,27,22,14,14,9,1,0,5987,5754,31,0,0,53
1358,16455,80,28,22,13,13,9,1,0,5987,5754,31,0,0,53
1360,16455,81,27,22,13,13,9,1,0,5987,5754,31,0,0,53
1361,16455,80,26,21,14,14,9,1,0,5987,5754,31,0,0,53
1362,16455,80,27,21,14,14,9,1,0,5987,5754,31,0,0,53
1363,16455,77,27,21,12,12,9,1,0,5987,5754,31,0,0,53
1364,16455,79,27,22,13,13,9,1,0,5987,5754,31,0,0,53
1365,16455,78,27,22,13,13,9,1,0,5987,5754,31,0,0,53
1366,16455,78,27,21,14,14,9,1,0,5987,5754,31,0,0,53
1367,16455,78,27,21,13,13,9,1,0,5987,5754,31,0,0,53
1368,16455,79,27,22,13,13,9,1,0,5987,5754,31,0,0,53
1369,16455,80,26,21,14,14,9,1,0,5987,5754,31,0,0,53
1370,16455,78,27,23,14,14,9,1,0,5987,5754,31,0,0,53
1372,16455,78,27,22,12,12,9,1,0,5987,5754,31,0,0,53
1373,16456,77,27,23,13,13,9,1,0,5987,5754,31,0,0,53
1374,16455,77,27,23,14,14,9,1,0,5987,5754,31,0,0,53
1375,16455,78,27,23,13,13,9,1,0,5987,5754,31,0,0,53
1376,16455,79,28,22,13,13,9,1,0,5987,5754,31,0,0,53
1377,16455,79,28,22,13,13,9,1,0,5987,5754,31,0,0,53
1378,16455,79,28,21,13,13,9,1,0,5987,5754,31,0,0,53
1379,16455,79,28,21,13,13,9,1,0,5987,5754,31,0,0,53
1380,16456,81,27,21,12,12,9,1,0,5987,5754,31,0,0,53
1381,16456,80,28,22,13,13,9,1,0,5987,5754,31,0,0,53
1382,16456,80,28,22,13,13,9,1,0,5987,5754,31,0,0,53
1384,16456,80,27,22,13,13,9,1,0,5987,5754,31,0,0,53
1385,16456,80,26,21,13,13,9,1,0,5987,5754,31,0,0,53
1386,16456,80,27,21,14,14,9,1,0,5987,5754,31,0,0,53
1388,16456,80,27,21,14,14,9,1,0,5987,5754,31,0,0,53
1389,16456,82,27,21,12,12,9,1,0,5987,5754,31,0,0,53
1390,16456,81,27,22,13,13,9,1,0,5987,5754,31,0,0,53
1391,16456,80,26,23,13,13,9,1,0,5987,5754,31,0,0,53
1392,16456,79,27,22,13,13,9,1,0,5987,5754,31,0,0,53
1393,16456,80,26,22,13,13,9,1,0,5987,5754,31,0,0,53
1394,16456,81,27,22,13,13,9,1,0,5987,5754,31,0,0,53
1395,16456,80,27,21,13,13,9,1,0,5987,5754,31,0,0,53
1396,16457,80,27,21,13,13,9,1,0,5987,5754,31,0,0,53
1397,16456,79,28,22,13,13,9,1,0,5987,5754,31,0,0,53
1398,16456,78,28,22,13,13,9,1,0,5987,5754,31,0,0,53
1399,16456,80,27,21,13,13,9,1,0,5987,5754,31,0,0,53
1400,16456,80,27,21,13,13,9,1,0,5987,5754,31,0,0,53
1401,16456,79,28,21,13,13,9,1,0,5987,5754,31,0,0,53
1402,16456,79,28,22,12,12,9,1,0,5987,5754,31,0,0,53
1403,16456,79,26,22,13,13,9,1,0,5987,5754,31,0,0,53
1404,16456,77,27,21,13,13,9,1,0,5987,5754,31,0,0,53
1405,16456,79,28,21,13,13,9,1,0,5987,5754,31,0,0,53
1406,16456,79,29,22,13,13,9,1,0,5987,5754,31,0,0,53
1407,16456,79,28,23,13,13,9,1,0,5987,5754,31,0,0,53
1408,16456,78,27,22,14,14,9,1,0,5987,5754,31,0,0,53
1409,16456,79,27,21,13,13,9,1,0,5987,5754,31,0,0,53
1411,16457,78,27,23,13,13,9,1,0,5987,5754,31,0,0,53
1412,16456,78,27,24,13,13,9,1,0,5987,5754,31,0,0,53
1413,16456,78,28,23,13,13,9,1,0,5987,5754,31,0,0,53
1414,16456,78,27,22,13,13,9,1,0,5987,5754,31,0,0,53
1415,16456,79,28,23,13,13,9,1,0,5987,5754,31,0,0,53
1416,16456,81,27,23,13,13,9,1,0,5987,5754,31,0,0,53
1417,16457,80,28,23,12,12,9,1,0,5987,5754,31,0,0,53
1418,16456,79,26,23,13,13,9,1,0,5987,5754,31,0,0,53
1419,16456,80,27,22,13,13,9,1,0,5987,5754,31,0,0,53
1421,16457,79,27,21,13,13,9,1,0,5987,5754,31,0,0,53
1422,16457,80,27,22,12,12,9,1,0,5987,5754,31,0,0,53
1423,16457,79,27,21,14,14,9,1,0,5987,5754,31,0,0,53
1424,16457,79,26,21,13,13,9,1,0,5987,5754,31,0,0,53
1425,16457,79,28,22,13,13,9,1,0,5987,5754,31,0,0,53
1426,16457,79,26,21,14,14,9,1,0,5987,5754,31,0,0,53
1427,16457,81,27,21,12,12,9,1,0,5987,5754,31,0,0,53
1428,16457,81,27,22,12,12,9,1,0,5987,5754,31,0,0,53
1429,16457,82,26,21,14,14,9,1,0,5987,5754,31,0,0,53
1430,16457,80,27,21,13,13,9,1,0,5987,5754,31,0,0,53
1431,16457,81,25,20,13,13,9,1,0,5987,5754,31,0,0,53
1432,16457,79,28,21,13,13,9,1,0,5987,5754,31,0,0,53
1433,16457,79,27,22,14,14,9,1,0,5987,5754,31,0,0,53
1434,16457,78,27,22,13,13,9,1,0,5987,5754,31,0,0,53
1435,16457,78,27,22,13,13,9,1,0,5987,5754,31,0,0,53
